Description,Quantity
Red T-Shirt,50 items
Blue Jeans,30 items
green hoodie,20 items
Grey sweatpants,15 items
black Boots,0 items
Blue Shorts,
Casual jacket,25 items
Black skirt,10 items
White socks,100 items
Pink sweatshirt,35 items
blue Blouse,0 items
Beige Cardigan,5 items
navy vest,12 items
red hoodie,50 items
,20 items
Denim T-shirt,0 items
Cotton Pajamas,10 items
White tank top,30 items
Long sleeve shirt,40 items
grey Polo shirt,0 items
Floral Dress,25 items
Leather Gloves,15 items
Grey Sweatpants,5 items
Black T-shirt,20 items
Pink Shorts,40 items
,10 items
Floral Skirt,5 items
Green Skirt,7 items
Black Socks,0 items
Blue Sweatshirt,10 items
Red Socks,100 items
Black Blazer,10 items
White Hoodie,0 items
Vintage T-Shirt,25 items
Grey Hoodie,50 items
Brown Boots,
Suede Belt,0 items
Casual Belt,20 items
Fleece Pajamas,10 items
Striped Tank Top,30 items
Dark Blue Jeans,40 items
High-Waisted Skirt,50 items
Red Jacket,10 items
Striped Socks,30 items
Beige Shorts,15 items
Pink Hoodie,25 items
Cashmere Sweater,30 items
Soft Wool Scarf,20 items
Olive Vest,8 items
Black Pajamas,10 items
Merino Wool Sweater,25 items
White T-shirt,15 items
high-waisted jeans,20 items
Blue Blouse,5 items
Grey Tank Top,0 items
White T-shirt,30 items
Pink Jacket,10 items
Long Sleeve Shirt,40 items
Cotton Tank Top,50 items
Red Socks,100 items
Casual Sweatpants,5 items
Knit Scarf,10 items
Black Denim Jacket,20 items
Floral Blouse,7 items
Wool Sweatshirt,25 items
Green Polo Shirt,0 items
,20 items
Maroon Boots,10 items
Navy Hoodie,30 items
Cashmere Sweater,15 items
Pink Skirt,10 items
Black Wool Jacket,50 items
Blue Cardigan,5 items
Yellow T-shirt,30 items
Black Socks,15 items
Blue Tank Top,0 items
Fuzzy Sweater,
Black Sweatshirt,40 items
Grey Shorts,25 items
Navy Dress,10 items
Yellow Skirt,40 items
Red T-shirt,15 items
White Hoodie,20 items
Black Tank Top,12 items
Grey Sweater,30 items
Dark Green Skirt,50 items
Casual Blazer,10 items
pink Blouse,15 items
Leather Sneakers,40 items
Red Sweatshirt,30 items
Cream Skirt,50 items
Navy Socks,10 items
yellow hoodie,15 items
Black Leather Boots,20 items
Blue Jeans,10 items
Grey Pajamas,25 items
Light Pink T-shirt,5 items
Charcoal Sweatpants,20 items
Wool Gloves,10 items
Maroon Sweatshirt,30 items
Cozy Cardigan,25 items
White Sweatpants,5 items
Wool Beanie,0 items
Casual Blue Jacket,10 items
pink shorts,30 items
Grey Tank Top,25 items
Striped Pajamas,10 items
Floral Sweatshirt,0 items
,25 items
Grey Cardigan,7 items
beige scarf,30 items
Yellow T-shirt,20 items
Green Hoodie,0 items
White Blouse,40 items
,15 items
Wool scarf,30 items
Cozy Grey Sweatshirt,5 items
Pink Polo Shirt,25 items
Maroon Jeans,20 items
Casual Shorts,50 items
Purple Tank Top,10 items
Black Sweatshirt,25 items
Red Pajamas,10 items
Light Grey Skirt,30 items
Black Leather Jacket,15 items
Blue Cardigan,30 items
Floral Pajamas,50 items
Yellow Sweater,25 items
Red Dress,5 items
White Socks,30 items
tan Skirt,10 items
Blue Sweatshirt,0 items
Light Blue Blouse,20 items
Navy Polo Shirt,25 items
Dark Jeans,10 items
Black T-shirt,5 items
Green Cardigan,0 items
Beige Vest,15 items
White Jeans,10 items
Pink pajamas,20 items
Yellow Hoodie,40 items
Blue Socks,15 items
Green Sweater,5 items
Navy Blue Dress,10 items
Black Long Sleeve,30 items
Pink Cardigan,0 items
Blue Shorts,25 items
White Leather Boots,50 items
Floral T-shirt,5 items
Black Pajamas,10 items
White Dress,15 items
Dark Green Hoodie,20 items
Beige Socks,30 items
Red Cardigan,25 items
green hoodie,20 items
Grey sweatpants,15 items
Black Boots,0 items
Blue Shorts,
Casual jacket,25 items
Black Skirt,10 items
White socks,100 items
Pink sweatshirt,35 items
Blue Blouse,0 items
Beige Cardigan,5 items
Navy vest,12 items
Red hoodie,50 items
,20 items
Denim T-shirt,0 items
Cotton Pajamas,10 items
white tank top,30 items
Long sleeve shirt,40 items
Grey Polo shirt,0 items
Floral Dress,25 items
Leather Gloves,15 items
Grey Sweatpants,5 items
Black T-shirt,20 items
Pink Shorts,40 items
,10 items
Floral Skirt,5 items
Green Skirt,7 items
Black Socks,0 items
Blue Sweatshirt,10 items
red Socks,100 items
Black Blazer,10 items
White Hoodie,0 items
Vintage T-Shirt,25 items
Grey Hoodie,50 items
Brown Boots,
Suede Belt,0 items
Casual Belt,20 items
Fleece Pajamas,10 items
Striped Tank Top,30 items
Dark Blue Jeans,40 items
High-Waisted Skirt,50 items
pink shorts,30 items
Grey tank Top,25 items
Striped Pajamas,10 items
Floral Sweatshirt,0 items
,25 items
Grey Cardigan,7 items
beige scarf,30 items
Yellow T-shirt,20 items
Green Hoodie,0 items
White Blouse,40 items
,15 items
Wool scarf,30 items
Cozy Grey Sweatshirt,5 items
Pink Polo Shirt,25 items
Maroon Jeans,20 items
Casual Shorts,50 items
Purple Tank Top,10 items
Black Sweatshirt,25 items
Red Pajamas,10 items
Light Grey Skirt,30 items
Black Leather Jacket,15 items
Blue Cardigan,30 items
Floral Pajamas,50 items
Yellow Sweater,25 items
Red Dress,5 items
White Socks,30 items
Tan Skirt,10 items
Blue Sweatshirt,0 items
Light Blue Blouse,20 items
navy Polo Shirt,25 items
Dark Jeans,10 items
Black T-shirt,5 items
Green Cardigan,0 items
Beige Vest,15 items
White Jeans,10 items
Pink Pajamas,20 items
